{"cameraMode":{"drawMode":0,"name":"Shaded","section":"Shading Mode"},"sceneLighting":true,"audioPlay":false,"sceneViewState":{"m_AlwaysRefresh":false,"showFog":true,"showSkybox":true,"showFlares":true,"showImageEffects":true,"showParticleSystems":true,"showVisualEffectGraphs":true,"m_FxEnabled":true},"in2DMode":false,"pivot":{"x":0.11642932891845703,"y":-0.4752542972564697,"z":-1.0251727104187012},"rotation":{"x":0.018608536571264268,"y":0.9494473934173584,"z":-0.057328592985868457,"w":0.3081173300743103},"size":5.472502708435059,"orthographic":false}