{"cameraMode":{"drawMode":0,"name":"Shaded","section":"Shading Mode"},"sceneLighting":true,"audioPlay":false,"sceneViewState":{"m_AlwaysRefresh":false,"showFog":true,"showSkybox":true,"showFlares":true,"showImageEffects":true,"showParticleSystems":true,"showVisualEffectGraphs":true,"m_FxEnabled":true},"in2DMode":false,"pivot":{"x":-4.158419609069824,"y":1.2284038066864014,"z":0.7930773496627808},"rotation":{"x":0.03985025733709335,"y":0.9159437417984009,"z":-0.09403648227453232,"w":0.3881193995475769},"size":1.2129063606262208,"orthographic":false}